Chromosome,Start,End,Upstream 10bp,SV Sequence,Downstream 10bp,SV Type
chr1,121842710,121842711,gcgctttcag,g,tcaatggcag,INS
chr1,121848648,121849249,atattcagac,ctccttgaggccttcattggaaacgggatttcttcatattctgctagacagaagaattctcagtaacttccttgtgttgtgcgtattcaactcacagagttgaacgatcctttacagagagcagacttgaaacactctttttgtggaatttgcaagtggagatttcagccgctttgaggtcaatggtagaataggaaatatcttcatatagaaactagacagaatgattctcataaactcctttgtgatgtgtgcgttcaactcacagagtttaacctttcttttcatagagcagttaggaaacactctgtttgtaaagtctgcaagtggatattctgacctctttgaggccttcgttggaaacgggatttcttcatattctgctagacagaagaattctcagtaacttccttgtgttgtgtgtattcaactcacagagttgaaccatcctttacacagagcagacttgaaacactctttttgtggaatttgcaagtggagatttcagccgctttgaggtcaatagtagaaaaggaaatatcttcgtagaaaaactagacagaatgattctcagaaactcctttgtgatgtgtgtgttcaa,ctcacagagt,DEL
chr1,140634502,140634966,tcatcataaa,atggaatcgaatggaatcaacatcaaatggaatcaaatggaatcattgaacggaattgaatggaatcatcatcgaatgaattgaatgcaatcatcgaatggtctcgaatggaatcatcttcaaatggaatggaatggaatcatcgcatagaattgaatggaattatcatcgaatggaatcgaatggaatcaacatcaaacggaaaaaaacggaattatcgaatggaatcgaagagaatcatcgaatggacccgaatggaatcatctaatggaatggaatggaataatccatggactcgaatgcaatcatcatcgaatggaatcgaatggaatcatcgaatggactcgaatggaataatcattgaacggaatcgaatggaatcatcatcggatggaaacgaatggaatcatcatcgaatggaaatgaaaggagtcatcatctaatggaattgcatggaatcatca,taaaatggaa,DEL
chr10,42092391,42092392,aatgttatgg,a,aaggaatgga,INS
chr10,42467207,42467208,tcattccatt,c,cattccattc,INS
chr10,42547087,42547088,gtcaaggctc,g,aatcatcgtc,BND
chr13,420884,421264,caaatatata,ttaggtacataaaatatgaaggtacatcaaatatagataatatactgtacataaaatatcaatgtaccccaaatatatattttatactctacatgaaatatcaaagttcacaaactatatattatatactgtacataaaatatcaaagtacccaaggtatatattctatactgtacaaaaaatatcaaagtacccaacgcatgtattgtatactgcacataaaatatgaaagtacatcaaatatatattttattctgtacataaaatatcaaagtacaccagatatatattttatagtgtacataaaatatcaaagtacccaaactatacattatatactgtacataaaatatgaaattccatcaaatatatattatatt,aggtacataa,DEL
chr13,991706,991910,tcaaatacat,attaggtacataaaatatgaaagtacatcaaatatagattatatactgtacaaaaaatatcaatgtaccccaaatatatattttatactctacatgaaatatcaaagttcacaaaccatatattatatactgtacataaaatatcaaagtacccaaggtatatattctatactgtacaaaaaatatcaaagtacccaaagcatg,tattatatac,DEL
chr13,1009575,1009576,caaatatata,t,tatattaggt,INS
chr13,1010712,1010867,aattacatca,aatatatattaggtacataaaatatgaaagtacatcaaatatagattatatactgtacataaaatatcaaagtacgccagatatatattctatagtgtacataaaataacaaagtacacaaactataaattacatactgtacataaaatatgaaa,ttacatcaaa,DEL
chr13,1020674,1020675,tatcaaagta,c,accagatata,INS
chr13,1103328,1103329,ttacatcaaa,t,atatattata,INS
chr13,1106128,1106876,cccaaggtat,atattctgtactgtacaaaaaatatcaaagtacccaaagcatgtattatatactgtatataaaatatgaaagtacatcaaatatatattttattctgtacataaaatatcaaagtacaccagatatatattctatagtgtacataaaataacaaagtacaaaaactataaattatatactgtacataaaatatgaaattacatcaaatacatatttggtacataaaatatgaaagtacatcaaatatagattatatactgtacataaaatatcaatgtaacccaaatatatattttatactctacatgaaatatcaaagttcacaaaccatatattatatactgtacataaaatatcaaagtacccaaggtatatattctatactgtacaaaaaatatcaaagtacccaaagcatgtattacaaactgtacataaaatatgaaagtacatcaaatatatattttattctgtacagaaaatatcaacgtacaccagatatatattctatagtgtacataaaatatcaaagtacccaaactatacattatatactgtacataaaatatgaaattacatcaaatatatattatattaggtacataaaatatgaaagtacatcaaatatagattatatactgtacattaagtaccaaagtaccccaaatatatattttatactgtacatgaaatatcaaagttcacaaactatatattatatactgtacataaaatatcaaagtacccaagg,tatatattct,DEL
chr13,1107788,1108163,tatcaaagta,cccaaactatacattatatactgtacataaaatatgaaattacatcaaatatattttatattaggtacataaaatatgaaagtacatcaaatatagattatatacggtacattaaataccaaagtaccccaaatatatattttatactgtacatgaaatatcaaagttcacaaactatatattatatactgtacatataatatcaaagtacccgaggtatatattctatactgtacaaaaaatatcaaagtaccaaaagcatgtattatatactgtacctaaaatatgaaagtacatcaaatatatattttattctgtacatgaaatatcaaagtacaccagatatatattctatagtgtacataaaatatcaaa,gtacccaaac,DEL
chr13,1998117,1998866,aaataccaaa,gtaccccaaatatatattttatactgtacatgaaatatcaaagttcacaaactacatattatattctgtacataaaatatcaaagtacccaacgtatatattctatactgtacaaaaaatatcaaagtacccaaagcatgtataatatactgtacataaatatgaaagtacatcaaatatatatattattctgtacataaaatatcaaagtacaccagatatatattctatagtgtacataaaatatcaaagtacccaaactatacattatatactgtaaataaaatgtgaaattacatcaaatatattttatattaggtacataaaatatgaaagtacatcaaatatagattatatactgtacattaaataccaaagtaccccaaatatatattttatactgtacatgaaatatcaaagttcacaaactatatattatatactgtatataaaatatcaaagtacccaagttatatattctatactgcacaaaaaatatcaaagtacccaaagcatgtattatatactgtacataaaatatgaaagtacatcaaaaatatatttaattctgtacttaatatatcaaagtacaccagatatatattctatagtgtacataaaataacaaagtacacaaactataaattatatactgtacataaaatatgaaattacatcaaatatatattaggtacataaaatatgaaagtacatcaaatatagattatatactgtacataaaatatcaa,tgtaccccaa,DEL
chr13,4432372,4437723,atatcaaagt,tcacaaactatatattatatactgtacataagatatcaaagtacccaaggtatatattctatactgtacaaaaaatatcaaagtacccaaagcaagtattatgtactgtacataaaatatgaaagtacatcaaatatatattttattctgtacataaaatatcaaagtacaccaaatatatattctatagtgtacataaaatatcaaaatacccaaactatacaatatatactgtacataaaatatgaaattacatcaaatatatattatattaggtacataaaatatgaaagtacatcaaatataaattatatactgtacataaaataccaaagtaccccaaatatatattatatactgtacatgcaatatcaaagttcacaaactatatatcatatactgtacataaaatatcaaagtaccgaaggtatatattctatcctatacaaaaaatatcaaagtacccaaagcatgtattatatactgtacataaaatatgaaagtacatcaaatatatattttattctgtacataaaatatcaaagtacaccaaatatatattctacagtgtacataaaatatcaaagtactcaaactatacattataaactgtacataaaatttgaaattacatcaaatatatactatattatgtacataaaatatgaaagtacatcaaatatagattatatactgtacataaaataccaaagtacaccaaatatatattttatactgtacatgcaatatcaaagttcacaaactatatattatatactgtacataaaatatcaaggtaccgaagctatatattctatactgtacaaaaaatatcaaagtacccaaagcatgtattacatactgtacataaaatatgaaagtacatcaaatatatattttattctgtacataaaatataaaagtacactaaatatatattctatagtgtacataaaatatcaaagtacccaaactatacattatatactgtacataaaatatgaaattacatcaaaaatgtactatattatgtacataaaatatgaaagtacatcaaatatagattatatactgtatgtaaaataccaaagtaccccaaataaacattttatactgtacatgaaatatcaaagttcacaaactatatattatatactgtacataaaataccaaagtaccgaaggtatatattctatactgtaaaaaaatatcaaagtacccaaagcatgtattatatactgtatataaaatatgaaagtacatcaaatatatattttattctgtacataaaatatcaaagtacaccaaatatatattctatagtgtacataaaatatcaaagtacccaaactatacattatatactgtacataaaacatgaaattacatccaatatatattatattaggtacataaaatatgaaagtacatcaaatataaattatatactgtacataaaataccaaagtaccccaaatatatattatatactgtacatgaaatatcaaagttcacaaactatatattatatactgtacataaaatatcaaggtacccatggtatatattctatactgtacaaaaaatatcaaagtacgcaaagcatgtattatatactgtacataaaatatgaaagtacatcaaatatatattttattctgtacataaaatatcaaagtacaccaaatatatattctatagtgtacataaaatatcaaagtacccaaactatacattatatactgtacataaaatatgaaattacatcaaatatatattatattaggtacataaaatatgaaagtatatcaaatatagattatatactgtacataaaataccaaagaaccccaaatatatattatatactgtacatgaaatatcaaagttcacaaactatatattatatactgtacataaaatatcaaagtacctaaggtatatattctatactgtagaaaaaatatcaaagtacccaaagcatgtattatatactgtacataaaatatgaaagtacatgaaatatatattttattctgtacataaaatatcaaagtacaccaaatatatattctatagtgtacattaaatatcaaagtacccaagctatacattatatactgtacataaaatatgaaattacatcaaatatatattatattaggtacataaaatatgaaagtacatcaaatatacattatatactgtacataaaataccaaagtaccccaaattcatattatatactgtacatgaaatatcaaagttcacaaactatatattatatactgtacataaaatatcaaggtacccaaggtatgtattctatactgtacaaaaaatatcaaagtacccaaagcatgtattatatagtgtacataaaatatgaaagtacatcaaatatatatttaattctgtacataaaatatcaaattacaccaaatatatattctatagtgtacataaaatatcaaagtacccaaactatacattatatactgtacataaaatatgaaattacatcaaatatatattatattaggtacataaaatatgaaagtacatcaaatatagattatatactgtacataaaatactaaagaaccccaaatatatattatatactgtacatgaaatatcaaagttcacaaactatatattatatactgtacataaaatatcaaagtacctaaggtatatattctatactgtagaaaaaatatcaaagtacccaaagcatgtattatatactgtacataaaatatgaaagtacatcaaatatatattttattctgtacataaaatatcaaagtacaccaaatatatattctatagtgtacattaaatatcaaagtacccaagctatacattatatactgtacataaaatatgaaattacatcaaatatatattatattaggtacataaaatatgaaagtacatcaaatatacattatatactgtacataaaataccaaagtaccccaaattcatattatatactgtacatgaaatatcaaagttcacaaactatatattatatactgtacataaaatatcaaagtacccaaggtatatattctatactgtacaaaaaatatcaaagtacccaaagcatgtattatatactgtacataaaatatgaaagtacatcaaatatatattttattctgtacataaaatatcaaagtacaccaaatatatattctatagtgtacataaaatatcaaagtacccaaactatacattatatactgtacatgaaatatgaaattacataaaatatatattatattaggtacataaaatatgaaagtacatcaaatataaattatatactatacataaaataccaaagtaccccaaatatatattacatactgtacatgaaatatcaaagttcacaaactatatattttatactgtacataaaatatcaaagtacccaaggtatatattctatactgtacaaaaaatatgaaagtacccaaaacatgtattatatactgtacgtaaaatatgaaagtacatgaaatatatattttattctgtacataaaatatcaaagtacaccaaatatatatactatagtgtacataaaatatcaaagtacccaaactatacattttatactgtacataaaatatgaaattatatcaaatatatattacattaggtacataaaatatgaaagtacatcaaatatagattatatactgtacataaaatatcaaagtaccccaaatatatattatatactgtacatgaaatatcaaggttcacaaactatatattatatactgtacataaaatatcaaagtacccaaggtatatattctgtactgtacaaaaaatatcaaagtacccaaagcatgtattatatactgtacataaaatatgaaagtacatcaaataaatattttattctgtacataaaatatcaaagtacaccaaatatatattctacagtgtacataaaatatcaaagtacccaaactatacattataaactgtacataaaatatgaaattacatcaaatatatactatattatgtacataaaatatgaaagtacatcaaatatagattatatactgtacataaaataccaaagtacaccaaatatatattttatactgtacatgcaatatcaaagttcacaaactatgtattatatactgtacataaaatatcaaagtaccgaagctatatattctatactgtacaaaaaatatcaaagtacccaaagcatgtattatttactgtacagaaaatatgaaagtacatcaaatatatattttattctgtacataaaatatcaaagtacactaaatatatattctatagtgtacataaaatatcaaatacccaaactatacattatatactgtacataaaatatgaaattacatcaaatatatattatattaggtacataaaatatgaaagtacatcaaatatagattatatactgtacataaaataccaaagtaccccaaatacatattatatactgtacattaaatatcaaagttcacaaactatatattatatactgtacataagatatcaaagtacccaaggtatatattctatactgtacaaaaaatatcaaagtacccaaagcaagtattatatactgtacataaaatatgaaagtacatcaaatatatattttattctgtacataaaatatcaaagtacaccaaatatatattctatagtgtacataaaatatcaaagtacccaaactatacattatatactgtacataaaatatgaaatttcatcaaatatatattatattaggtacttaaaatatgaaattacatcaaatataaattatatactgtacataaaataccaaagtaccccaaatatttattatattctgtacatgcaatatcaaagttcacaaactatatatcatatactgtacataaaatatcaaagtaccgaaggtatatattctatagtgtacaaaaaatatgaaagtaggcaaagcatgcattatatactgtacataaaatatgaaagtacatcaaatatatattttattctgtacataaaatatcaaagtacaccaaatatatattctatagtgtacataaaatatcaaagtacccaaaatatactttatatacagtacataaaatatgaaattacatcaaatatatataataataggtacataaaatatgaaagtacatcaaatataaattatatactatacataaaataccaaagaaccccaaatatatattatatactgtacatgaaatatcaatgttcacaaactatatattatatactgtatataaaatatcaaagtactgaaggtatatattcta,tactgtacaa,DEL
chr13,4503098,4506123,caaagttcac,aaactatatattatatactgtacataaaatatcaaagtacccaagttatatattctatactgtacaaaaaatatcaaagtacccaaaccatgtattatatactgtacataaaatatgaaagtacatcaaatatatattttattctgtacataaaatatcaaactacaccaaatatatattctatagtgtacataaaatattaaactacaaaaactatacaatatatactgttcataaaatatgaaattacatcaaatatatattatattaggtacataaaatattaaagtacatcaaatatagattatatactgtacataaaataccatagtaccccaaatatatattttatactgtacatgaaatatccaagttcacaaactatatattatatactgtacataaaatatcaaagtacccaaggtatatattttatactgtacaaaaaatatcaaagtaccaaaagcatgtattatatactgtacataaaatatgaaagtacatgaaatatatattttattctgtacaaaaaatatcaaagtacaccaaatatatattctatagtgtacataaaatatcaaagtacccaaactatacgttacatactgtacataaaatgtgaaattacatcaaatatatattatattaggtacataaaatatgaaagtacatcaaatatagattatatactgtacataaaataccaaagtactccaaatatatattttatagtgtacatgcaatatcaaagttcacaaactatatataatatactgtacataaaatatgaatgtacccaaggtatatattctatactgtacaaacagtatcaaagtacccaaaccatgtattatatactgtacataaaatatgaaagtacatcaaatatatattttattctgtacataaaatatcaaagtacaccaaatatatattctatagtgtacataaaatattaaagtacaaaaactatacaatatatactgttcataaaatatgaaattacatcaaatatatattatattaggtacataaaatattaaagtacatcaaatatggattatatactgtacataaaataccatagtaccccaaatatatattttatactgtacatgaaatatccaagttcacaaactatatattatatactgtacataaaatatcaaagtacccaaagtatatattttatactgtacaaaaaatatcaaagtaccgaaaacatgtattatatactgtacataaaatatgaaagtacatgaaatatatattttatactgtacataaaatatcaaagtacaccaaatatatattctatagtgtacataaaatatcaaagtacccaaactatacgttacatactgtacataaaatatgaaattacatcaaatatatattatattaggtacataaaatatgaaagtacatcaaatatagattatatactgtacataaaataccaaagtaccccaaatatatattttatactctacatgaaatatcaaagttcacaaactatatattatatactgtacataaaatatgaatgtacccaaggtatatattctatactgtacaaacagtatcaaagtacccaaaccatgtattatatactgtacataaaatatgaaagtgcatcaaatatatattttattctgtacataaaatatcaaagtacaccaaatatatattctatagtgtacataaaatattaaagtacaaaaactatacaatatatactgttcataaaatatgaaattacatcaaatatatattatattaggtacataaaatatgaaagtacatcaaatatagattatatactgtacataaaataccaaagtaccccaaatatatattttatactgtacatgaaatatcgaagttcacaaactatatattatatactgtacataaaatatcaaagtacccaaggtatatattttatactgtacaaaaaatatcaaagtaccgaaagcatgtattatatactgtacataaaatatgaaagtacatgaaatatatattttactctgtacaaaaaatatcaacgtacaccaaatatatattctatagtgtacataaaatatcaaagtacccaaactatacattatatactgtacataaaatatgaaattacatcaaacatatattatattagttacataaaatatgaaagtacatcaaatatagattatatactgtacataaaataccaaagtaccccaaatatatattttatactgtacatgaaatatcaaagttcacaaactatatattatatactgtacataaaatatcaaagtacccaagttatatattctatactgtacaaaaaatatcaaagtacccaaaccatgtattatatactgtacataaaatatgaaagtacatcaaatatatattttattctgtacataaaatatcaaactacaccaaatatatattctatagtgtacataaaatattaaactacaaaaactatacaatatatactgttcataaaatatgaaattacatcaaatatatattatattaggtacataaaatattaaagtacatcaaatatagattatatactgtacataaaataccatagtaccccaaatatatattttatactgtacatgaaatatccaagttcacaaactatatattatatactgtacataaaatatcaaagtacccaagatatatattttatactgtacaaaaaatatcaaagtaccgaaagcatgtattatatactgtacataaaatatgaaagtacatgaaatatatattttattctgtacaaaaaatatcaaagtacaccaaatatatattctatagtgtacataaaatatcaaagtacccaaactatacgttacatactgtacataaaatgtgaaattacatcaaatatatattatattaggtacataaaatatgaaagtacatcaaatatagattatatactgtacataaaataccaaagtaccccaaatatatattttatagtgtacatgcaatatcaaagttcaca,aactatatat,DEL
chr13,4563265,4600324,caatgtaccc,caaatatatattttatactctacatgaaatttcaaagttcacaaaccatactttatatactgtacataaaatatcaaactacccaaggtatatattctatactgtacaaaaaatatcaaagtacccaaagcatgtattatatactgtacataaaatatgaaagtacatcaaacatatattttattctgtacataaaatatcaaagtacaccagatatatattctatagtgtacataaaataacaaagtacacaaactataaattatatactgtacataaaatatgaaattacatcaaatatatattaggtacataaaatatgaaagtacatcaaatatagattatatactgtacattaaataccaaagtaccccaaatatatattttattctgtacatcaaatatcaaagttcacaaactatatattatatactgtacataaaatatcaaagtacccatggtatatattctacactgtacaaaaaatatcaaagtacccaaagcatgtattatatactgtatataaaatatgaaagtacatcacatatatattttattctgtacataaaatatcaaagtacaccagatatatattctatagtgtacataaaataacaaagttcaaaaactataaattatatgctgtacataaaatatgaaattacatcaaatatatgttaggtacataaaatatgaaagtacatcaaatatagattatatactgtacataaaatatcaatgtaccccaaatatatattttatactctacatgaaatatgaaagttcacaaaccatatattatatactgtacataaaatatcaaagtacccaaggtatatattctatactgtacaaaaaatatcaaagtacccaaagcatgtattatatactgtacataaaatatgaaagtacatcaaatatacattttattctgtacataaaatatcaaagtacacaagatatatattctatagtgtacataaaataacaaagtacacaaactataaattatatactgtacataaaatatgaaattacatcaaatatatattaggtacataaaatatgaaagtacatcaaatatagattatatactgtacataaaatatcaatgtaccccaaatatatattttatacactacatgaaatatcaaagttcacaaaccatatattatatactgtacataaaatatcaaagtacccaaggtatatattctacactgtacaaaaaatatcaaagtacccaaagcatgtattatatactgtacataaaatatgaaactacatcaaatatatattttattctgtacataaaatatcaaagtacaccagacatatattctatagtgtacataaaatatcaaagtagcaaactatacattatatactgtacataaaatatgaaattacatcaaatatatattatattaggtacataaaatatgaaagcacatcaaatatagattatatactgtacattaaataacaaagtaccccaaatatatattttatactgtacatcaaatatcaaagttcacaaactatatattatatactgtacataaaatatcaaagtacccatggtatacattctatactgtacaaaaaatatcaaagtacccaaagcatgtattatatactgtacataaaatatgaaactacatcaaatatatattttattctgtacataaaatatcaaagtacaccagatatatattctatagtgtacataaaatatcaaagtacccaaactatacattatatactgtacataaaatatgaaattacatcaaatatattttatattaggtacataaaatatgaaagtacatcaaatatagattatatactgtacattaaataccaaagtaccccaaatatatattttatactgtacatgaaatatcaaagttcacaaactgtatattatatactgtacatataatatcaaagtacccaaggtatatattctatactgtacaaaaaataacaaagtaccaaaagcatgtataatatactgtacataaaatatgaaagtacatcaaatatatattttattctgtacataaaatatcaaagtacaccagatatatattctatagtgtacataaaatatcaaagtacccaaactatacattatatactgtacataaaatatgaaattacatcaaatatatattatattaggtacataaaatatgaaagtacatcaaatatagattatatactgtacataaaatatcaaagtaccccaaatatatattatatactcttcatgaaatatcaaagttcacaaactatacattatatactgtacataaaatatcaaagtacccaaggtatataatctatactgtacaaaaaatatcaaagtacccaaagcatatgttatatactgtacataaaatatgaaagtacatcaaatatatattttattctgtacataaaatatcaaagtacaccagatatatattctatagtgtacataaaataacaaagtacacaaactataaattatatactgtacataaaatatgaaattacatcaaatatatattaggtacataaaatatgaaagtacatcaaatatagattatatactggacatataatatcaatgtaccccaaatatatattttatactctacatgaaatttcaaagttcacaaaccatactttatatactgtacataaaatatcaaactacccaaggtatatattctatactgtacaaaaaatatcaaagtacccaaagcatgtattatatactgtacataaaatatgaaagtacatcaaacatatattttattctgtacataaaatatcaaagtacaccagatatatattctatagtgtacataaaataacaaagtacacaaactataaattatatactgtacataaaatatgaaattacatcaaatatatattaggtacataaaatatgaaagtacatcaaatatagattatatactgtacattaaataccaaagtaccccaaatatatattttattctgtacatcaaatatcaaagttcacaaactatatattatatactgtacataaaatatcaaagtacccatggtatatattctacactgtacaaaaaatatcaaagtacccaaagcatgtattatatactgtatataaaatatgaaagtacatcacatatatattttattctgtacataaaatatcaaagtacaccagatatatattctatagtgtacataaaataacaaagttcaaaaactataaattatatgctgtacataaaatatgaaattacatcaaatatatgttaggtacataaaatatgaaagtacatcaaatatagattatatactgtacataaaatatcaatgtaccccaaatatatattttatactctacatgaaatatgaaagttcacaaaccatatattatatactgtacataaaatatcaaagtacccaaggtatatattctatactgtacaaaaaatatcaaagtacccaaagcatgtattatatactgtacataaaatatgaaagtacatcaaatatacattttattctgtacataaaatatcaaagtacacaagatatatattctatagtgtacataaaataacaaagtacacaaactataaattatatactgtacataaaatatgaaattacatcaaatatatattaggtacataaaatatgaaagtacatcaaatatagattatatactgtacataaaatatcaatgtaccccaaatatatattttatacactacatgaaatatcaaagttcacaaaccatatattatatactgtacataaaatatcaaagtacccaaggtatatattctacactgtacaaaaaatatcaaagtacccaaagcatgtattatatactgtacataaaatatgaaactacatcaaatatatattttattctgtacataaaatatcaaagtacaccagacatatattctatagtgtacataaaatatcaaagtagcaaactatacattatatactgtacataaaatatgaaattacatcaaatatatattatattaggtacataaaatatgaaagcacatcaaatatagattatatactgtacattaaataacaaagtaccccaaatatatattttatactgtacatcaaatatcaaagttcacaaactatatattatatactgtacataaaatatcaaagtacccatggtatacattctatactgtacaaaaaatatcaaagtacccaaagcatgtattatatactgtacataaaatatgaaactacatcaaatatatattttattctgtacataaaatatcaaagtacaccagatatatattctatagtgtacataaaatatcaaagtacccaaactatacattatatactgtacataaaatatgaaattacatcaaatgtatattatattaggtacataaaatatgaaagtacatcaaatatagattatatactgtacataaaatatcaaagtaccccaaatatatattatgtactctacatgaaatatcaaagttcacaaactatatattatatactgtacataaaatatcaaagtacccaaggtatatattctatactgtataaaaaatatcaaagtatccaaagcatgtattatatactgtatataaaatatgaaagtacattaaatatatattttattctctacataaaatatcaaagtacaccagatatatattctatagtgtacataaaataacaaagtacacaaactataaattatatactgtacataaaatatgaaattacatcaaatatatattaggtacataaaatatgaaagtacatcaaatatagattatatactggacatataatatcaatgtaccccaaatatatattttatactctgcatgaaatttcaaagttcacaaaccatactttatatactatacataaaatatcaaagtacccaaggtatatattctatactgtacaaaaaatatcaaagtacccaaagcatgtattatatactgtacataaaatatgaaagtacatcaaacatatattttattctgtacataaaatatcaaagtacagcagatatatattctatagtgtacataaaataacaaagtacacaaactataaattatatactgtacataaaatatgaaattacatcaaatatatattaggtacataaaatatgaaagtacatcaaatatagattatatactgtacattaaataccaaagtaccccaaatatatattttattctgtacatcaaatatcaaagttcacaaactatatattatatactgtacataaaatatcaaagtacccatggtatatattctacactgtacaaaaaatatcaaagtacccaaagcatgtattatatactgtatataaaatatgaaagtacatcacatatatattttattctgtacataaaatatcaaagtacaccagatatatattctatagtgtacataaaataacaaagttcaaaaactataaattatatgctgtacataaaatatgaaattacatcaaatatatgttaggtacataaaatatgaaagtacatcaaatatagattatatactgtacataaaatatcaatgtaccccaaatatatattttatactctacatgaaatatgaaagttcacaaaccatatattatatactgtacataaaatatcaaagtacccaaggtatatattctatactgtacaaaaaatatcaaagtacccaaagcatgtattatatactgtacataaaatatgaaagtacatcaaatatatattttattctgtacataaaatatcaaagtacacaagatatatattctatagtgtacataaaataacaaagtacacaaagtataaattatatactgtacataaaatatgaaattacatcaaatatatattaggtacataaaatatgaaagtacatcaaatatagattatatactgtacataaaatatcaatgtaccccaaatatatattttatacactacatgaaatatcaaagttcacaaaccatatattatatactgtacataaaatatcaaagtacccaaggtatatattctatactgtacaaaaaatatcaaagtacccaaagcatgtattatatactgtacgtaaaatatgaaactacatcaaatatatattttattctgtacataaaatatcaaagtacaccagacatatattctatagtgtacataaaatatcaaagtacccaaactatacattatatactgtacataaaatatgaaattacatcaaatatatattatattaggtacataaaatatgaaagcacatcaaatatagattatatactgtacattaaataacaaagtaccccaaatatatattttatactgtacatcaaatatcaaagttcacaaactatatattatatactgtacataaaatatcaaagtacccatggtatacattctatactgtacaaaaaatatcaaagtacccaaagcatgtattatatactgtacataaaatatgaaactacatcaaatatatattttattctgtacataaaatatcaaagtacaccagatatatattctatagtgtacataaaatatcaaagtacccaaactatacattatatactgtacataaaatatgaaattacatcaaatatatattatattaggtacataaaatatgaaagtacatcaaatatagattatatactgtacataaaatatcaaagtaccccaaatatatattatatactctacatgaaatatcaaagttcacaaactatatattatatactgtacataaaatatcaaagtacccaaggtatatattctatactgtataaaaaatatcaaagtatcgaaagcatgtattatatactgtatataaaatatgaaagtacattaaatatatattttattctctacataaaatatcaaagtacaccagatatatattctatagtgtacataaaataacaaagtacacaaactataaattatatactgtacataaaatatgaaattacatcaaatatatattaggtacataaaatatgaaagtacatcaaacatagattatatactgtacataaaatatcaatgtacccgaaatatatattttatactctacatgaaatatcaaagttcacaaacgatacattatatactgtacataaaatatcaaagtacccaaggtatatattctatactgtacaaaaaatatcaaagtacccaaagcatgtattatatactgtacataaaatatgaaagtacatcaaatatatattttattctgtacataaaatatcaaagtacaccagatatatattctatagtgtacataaaatatcaaagtacacaaactatacattatacactgtacataaaatatgaaattacatcaaatatatattaggtacattaaatatgaaagtacatcaaatatagattatatactgtacataaaatatcaaagtaacccaaatatatattatatactctacatgaaatatcaaagttcacaaactatatattatatactgtaaataaaatatcaaagtacccaaggtatatattctatactgtacaaaaaatatcaaagtacccaaagcatgtattatatagtgtacataaaatatgaaagtacatcaaatatatattttattctgtacataaaatatcaaagtacaccagatttatattctatagtgtacataaaatatcaaagtacccaaactatacattatatactgtacataaaatatgaaattacatcaaatatatattatattagttacataaaatatgaaagcacatcaaatatagattatatactgtacattaaataccaaagtaccccaaatatatattttattctgtacatcaaatatcaaagttcacaaactatatattatatactgtacataaaatatcaaattacccatggtatatattctacactgtacaaaaaatatcaaagtacccaaagcatgtattatatactgtatataaaatatgaaagtacatcaaatatatattttattctgtacataaaatatcaaagtacaccagatatatattctatagtgtacataaaataacaaagtacacaaactataaattatatactgtacataaaatatgaaatttcatcaaatatatattaggtacataaaatatgaaagtacatcaaatatagattatatactgtacataaaatatcaatgtaccccaaatatatattttatactctacatggaatatcaaagttcacaaaccagatattatatactgtacataaaatatcaaagtacccaaggtatatattctatactgtgcaaaaaatatcaaagtacccaaagcatgtattatatactgtacataaaatatgaaattacatcgaatatatattttattctgtacataaaatatcaaagtaaaccagatatatattctatagtgtacataaaatatcaaagtacccaaactatacattatatactgtacataaaatatgaaattacatcaaatatatattatattaggtacttaaaatatgaaagtacatcaaatatagattatacactgtacataaaatatcaaagtaccccaaatatatattatatactctacatgaaatatcaaagttcacaaactatatattatatactgtacataaaatatgaaattacatccaatatattttatattaggtacataaaatatgaaagtacatcaaatatagattatatactgtacattaaataccaaagtaccccaaatatatattttattctgtacatgaaatatcaaagttcacaaactatatattatatactgtacatataatatcaaagtacccaaggtatatattctatactgtacaaaaaataacaaagtaccaaaagcatgtataatatactgtacataaaacatgaaagtacatcaaatatatattttattctgtacataaaatatcaaagtacaccagatgtatattctatagtgtacataaaatatcaaagtacccaaactatacattatatactgtaaataaaatatgaaattacatcaaatatattttatattaggtacataaaatatgaaagtacatcaaatatagattatatactgtacattgaataccaaagtactccaaatatatattttatactgtacatgaaatatcaaagttcacaaactatatattatatactgtacataaattatcaaattacccaaggtatatattctatactgtacaaaaaatatcaaagtacccaaagcatgtattatatactgtacataaaatatgaaagtacatcaaatatatattttattctgtacataatatatcaaagtacaccagatatatattctagagtgtacataaaataacaaagtacacaaacgataaattatatactgtacataaatatgaaaatacatcaaatatatattaggtacataaaatatgaaagtacatcaaatatagattatatactgtacatataatatcaatgtaccccaaatatatattttatactctacatgaaatatcaaagttcacaaactatacattatatactgtacataaaatatcaaagtacccaaggtatataatctatactgtacaaaaaatatcaaagtacccaaagcatatgttatatactgtacataaaatatgaaagtacatcaaatatatattttattctgtacataaaatatcaaagtacaccagatatatattctatagtgtacataaaatatcaaagtacccaaactatacattatatactgtacataaaatatgaaattacatcaaatatatattaggtacataaaatatgaaagtacatcaaatatagattatatactgtacataaaatatcaaagtaccccaaatatatattatatactctacatgaaatattaaatttcacaaactatatattatatactgtacataaaatatcaaagtacccaaggtatatattctatactgtacaaaaaatatcaaagtacccaaagcatgtattatatactgtacataaaatatgaaagtacatcaaatatatattttattctgtacataaaatatcaaagtacaccagatatatattctatagtgtacataaaataacaaagtacacaaactataaattatatactgtacataaaatatgaaattacatcaaatatatattagctacataaaatatgaaagtacatcagatatagattatatactgtacataaaatatcaatgaccccaaatatatattttatactctacatgaaatatcaaagttcacaaaccatatattatatactgtacataaaatttcaaagtacccaaggtatatattctatactgtacaaaaaatatcaaagtgcccaaagcatgtattatatactgtacataaaatatgaaagtacatcaaatatatattttattctgtacataaaatatcaaagtacaccagatatatattctatagtgtacataaaatatcaaagtacccaatgtatttattatatactgtacataaaatatgaaattacatcaaatatatattatattaggtacataaaatatgaaagtacatcaaatatagattatatactgtacatgaaataccaaagtaccccaaatatatattttatacggtacatgaaatatcaaatttcacaaactatatattatatactgtatataaaatatcaaagtatccaaggtatatattctatactgtacaaaaaatatcaaagtacccaaagcatgtattatatactgtacataaaatatgaaagtacatcaaatatatattttattctgtacataaaatatcaaactacaccagatatatattctatagtgtacataaaatatcaaagtacccaaactatacattatatactgtacataaaatatgaaattacatcaaatttatattaggtacataaaataagaaagtacatcaaatatagattatatactgtacataaaatatcaaagtaccccaaatatatattatatactctatatgaaatatcaaagttcacaaactatatattatatactgtacataaaatatccaagtacccaaggtatatattctatactgtagaaaaaatatcaacgtacccaaagcatgtattatatactctatataaaatatgaaagtacatcacatatatattatattctgtacataaaatatcaaagtacaccagatatatattctatagtgtacataaaataacaaagtacaaaaactataaattatatgctgtacataaaatatgaaattacatcaaatatatattaggtacataaaatatgaaagtacattaaatatagattatatactgtacataaaatatcaatgtaccccaaatatattttatatactctacatgaaatatcaaagttcacaaaccatatattatatactgtacataaaatatcaaagtacccaaggtatatattctatactgtacaaaaaatatcaaagtacccaaagcatgtattatatactgtacataaaatatgaaagtacatcaaatatatattttattctgtacataaaatatcaaagtacaccagatatatattctatagtgtacataaaatatcaaagtacccaaactatacattatatactgtacataaaatatgaaattacatcaaatatatattatattaggtacataaaatatgaaagcacatcaaatatagattatatactgtacattaagtaccaaagtaccccaaatatatattttatactgtacatcaaatatcaaagttcacacactatatattatatactgtacataaaatatcaaagtacccaaggtatatattctatactttacaaaaaatatcaaagtacccaaagcatgtattatatactgtacataaaatatgaaattacatcgaatatatattttattctgtacataaaatatcaaagtacaccagatatatattctatagtgtacataaaataacaaagttcaaaaactataaattatatgctgtacataaatatgaaattacatcaaatatatattaggtacataaaatatgaaagtacatcaaatatagattatatactgtacataaaatatcaatgtaccccaaatatatattttatactctacatgaaatatgttcacaaaccatatattatatactgtacataaaatatcaaagtacccaaggtatatattctatactgtacaaaaaatatcatagtacccaaagcatgtattatatactgtacataaaatatgaaactacatcaaatatatattttattctgtacataaaatatcaaagtacaccagatatatattctatagtgtacataaaatatcaaagtacccaaactatacattatacactgtacataatatatgaaattacatcaaatatatattatattaggtacataaaatatgaaagtacatcaaatatagattatatactgtacataaaataccaaagtaccccaaatatatattttatactgtacatgaaatatcaaagttcacacactatatattatatactgtacataaaatatcaaagtacccaaggtatatattctatattgtacaaaaaatatcaaagtacgcaaagcatgtattatatactgtacataaaatatgaaagtacatcaaatatatattttatactgtacataaaatatcaaagtacaccagatatataatatatagtgtacataaaatatcaaagtacccaaactatacattatatactgtacataaaatatgaaattacatcaaatatatattatattaggtacataaaatatgaaagtacatcaaatatagattatatactgtacataaaatatcaaagtaccccaaatatatattatatactctacatgaaatatcaaagttcacaaactatatattatatactgtacataaaatatcaaagtaaccaaggtatatattctatactgtacaaaaaatatcaaagtatccaaagcatgtattatatactgtatataaaatatgaaagtacattaaatatatattttattctgtacataaaatatcaaagtacaccagatatatatgctatagtgtacataaaataacaaagtacacaaactataaattatatactgtacataaaatatgaaattacatcaagtatatattaggtacataaaatatgaaagtacatcaaatatagattatatactgtacataaaatatcaatgtatcccaaatatatattttatactctacatgaaatatcaaagttcacaaaccatatattatatactgtacataaaatatcaaagtacccaaggtatatattctatactgtacaaaaaatatcaaagtacccaaagcatgtattatatactgtacataaaatatgaaagtacatcaaatatatattttattctgtacataaaatatcaaagtacaccagatatatattctatagtgtacataaaataccaaagtacccaaactatacattatatactgtacataaaatatgaaattacatcaaatatatattatattaggtacataaaatatgaaagcacatcaaatatagattatatactgtacattaaataccaaagtaccccaaatatatattttattctgtacatcaaatatcaaagttcacaaactatatattatatactgtacataaaatatcaaagtacccatggtatatattctacactgtacaaaaaatatcaaagtacccaaagcatgtattatatactgtatataaaatatgaaagtacatcacatatatattatattctgtacataaaatatcaaagtacaccagatatatattctatagtgtacataaaataacaaagttcaaaaactataaattatatgctgtacataaatatgaaattacatcaaatatatattaggtacataaaatatgaaagtacatcaaatatagattatatactgtacataaaatatcaatgtaccccaaatatatattttatactctacatgaaatatgaaagttcacaaaccatatattatatactgtacataaaatatcaaagtacccaaggtttgtattctaaactgtccaaaaaatatcaaagtatccaaagcatgtattatatactgcatataaaatatgaaagtacattaaatatatattttattctgtacataaaatatcaaagtacaccagatatatattctatagtgtacataaaatatcaaagtacccaaactatacattatatactgtacataaaatatgaaattacatcaaatatatattatattaggtacataaaatatgaaagtacatcaaatatagattatatactgtacataaaacatcaaagtaccccaaatatatattatatactctacatgaaatatcaaagttcacaaactatatattatatactgtacataaaatatcaaagtacccaaggtatatattctatactgtacaaaaaatatcaaagtacccaaagcatgtattatatactgtacataaaatatgaaagtacatcaaatatatattttattctgtacataaaatatcaaagtacaccagatatatattctatagtgtacataaaataacaaagtacacaaactataaattatatactgtacataaaatatgaaattacatcaaacatattttaggtacataaaatatgaaagtacatcaaatatagattatatactgtacatataatatcaatgtaccccaaatatatattttatactctacatgaaatatcaaagttcacaaaccatacattatatactgtacataaaatatcaaagtacccaaggtatatattctatactgtacaaaaaatatcaaagtacccaaaccatgtattatatactgtacataaaatatgaaagtacatcaaatatatattttattctgtacataaaatatcaaagtacaccagatatatattctatagtgtacataaaatatcaaagtacccaaactatacattatatactgtacataaaatatgaaattacatcaaatatatattatattaggtacataaaatatgaaagtacatcaaatatagattatatactgttcataaaatatcaaagtaccccaaatatatattatatactctacatgaaatatcaaagttcacaaactatatattatatactgtacataaaatatcatagtacccaaggtatatattctatactgtagaaaaaatatcaaagtatccaaagcatgtattatatactgtatataaaatatgaaagtacattaaatatatattttattctgtacataaaatatcaaagtacaccagatatatattctatagtgtacataaaataacaaagtacacaaactataaattatatactgtacataaaatatgaaattacatcaaatatatattaggtacataaaatatgaaagtacatcaaatatagattatatactgtacatataatatcaatgtaccccaaatatatatttaatactctacatgaaatatcaaagttcacaaaccatacattatatactgtacataaaatatcaaagtacccaaggtatatattctatactgtacaaaaaatatcaaagtacccaaagcatgtattatatactgtaaataaaatatgaaagtacatcaaatatatattttattctgtacataaaatatcaaagtacaccagatatatattctatagtgtacataaaatatcaaagtacccaaactatacattatacactgtacataaaatatgaaattacatcaaatatatattaggtacattaaatatgaaagtacatcaaatatagattatatactgtacataaaatatcaaagtaccccaaatatatattatatactctacatgaaatatcaaagttcacaaactatatattatatactgtaaataaaatatcaaagttcccaaggtatatattctatactgtacaaaaaatatcaaagtacccaaagcatgtattatatactgtacataaaatatgaaagtacatcaaatatatattttattctgtacataaaatatcaaagtacaccggatatatattctatagtgtacataaaataacaaagtacacaaactataaattatatactgtacataaaatatgaaattacatcaaatatatattaggtacataaaatatgaaagtgcatcaaatatagattatatactgtacataaaatgtcaatgtaccccaaatatatattttatactctacatgaaatatcaaagttcacaaaccatatattatatactgtacataaaatatcaaagtacccaaggtatatattctatactgtacaaaaaatatcaaagtacacaaagcatgtattatatactgtacataaaatatgaaagtacatcaaatatatattttattctgtacataaaatatcaaagtacaccagatatatattctatagtgtacataaaatatcaaagtacccaaactatacattatacactgtacataaaatatgaaattacatcaaatatatattatattaggtacataaaatatgaaagcacatcaaatatagattatatacttaacattaagtaccaaagtaccccaaatatatattttatactgtacatcaaatatcaaagttcacaaactatatattatattctgtacataaaatatcaaagtacccatggtatatattctatactgtacaaaaaatatcaaagtacccaaagcatgtattatatactgtacataaaatatgaaagtacatcaaatatatattttattctgtatataaaatatcaaagtacaccagatatatattctatagtgtacataaaatatcaaagtacccaaactatacattatatactgtacataaaatatgaaattacatcaaatatatattaggtacataaaatatgaaagtacatcaaatatagattatatactgtacataaaataccaaagtaccccaaatatatatttaatactctacatgaaatatcaaagttcacaaaccatacattatatactgtacataaaatatcaaagtacccaaggtatatattctatactgtacaaaaaatatcaaagtacccaaagcatgtattatatactgtacataaaatatgaaagtacatcaaatatatattttattctgtacataaaatatcaaagtactccagatatatattctatagtgtacataaaatatcaaagtacccaaactatacattatacactgtacataaaatatgaaattacaccaaatatatattaggtacattaaatatgaaagtacatcaaatatagattatatactgtacataaaatatcaaagtaccccaaatatatattatatactctacatgaaatatcaaagttcacaaactatatattatatactgtaaataaaatatcaaatttcccaaggtatatattctatactgtacaaaaaatatcaaagtacccaaggtatatattctatactgtacaaaaaatatcaaagtactcaaagcatgtattatatactgtacataaaatatgaaagtacatcaaatatatattttattctgtacataaaatatcaaagtacaccatatatatattctatagtgtacataaaatatcaaagtacccaaactatacattatacactgtacataaaatatgaaattacatcaaatatatattatattaggtacataaaatatgaaagcacatcaaatatagattatatactgtacattaaataccaaagtaccccaaatatatattttatactgtacatcaaatatcaaagttcacaaactatatattatatactgtacataaaatatcaaagtacccatggtatatattctatactgtacaaaaaatatcaaagtacccaaagcatgtattatatactgtacataaaatatgaaagtacatcaaatatacattttattctgtatataaaatatcaaagtacaccagatatatattctatagtgtacataaaatatcaaagtacccaaactatacattatacactgtacataaaatatgaaattacatcaaatatatattatattaggtacataaaatatgaaagcacatcaaatatagattatatactgtacattaaataccaaagtaccccaaatatatattatatactgtacataaaatatcaaagtacccatggtatatattctatactgtacaaaaaatatcaaagtacccaaagcatgtattatatactgtacataaaatatgaaagtacatcaaatatacattttattctgtacataaaatatcaaagtacaccagatatatattctatagtgtacataaaatatcaaagtacccaaactatacattatatactgtaaataaaatatgaaattacatcaaatatattttatattaggtacataaaatatgaaagtacatcaaatatagattatatactgtacattgaataccaaagtactccaaatatatattttatactgtacatgaaatatcaaagttcacaaactatatattatatactgtacataaattatcaaagtacccaagttatatattctatactgtacaaaaaatatcaaagtacccaaagcatgtattatatactgtacataaaatatgaaagtacatcaaatatatattttattctgtacataatatatcaaagtacacaagatatatattctatagtgtacataaaataacaaagtacacaaactataaattatatactgtacataaaatatgaaattacatcaaatatatattaggtacataaaatatgaaagtacatcaaatatagattatatactgtacaaataatatcaatgtaccccaaatatatattttatactctacatgaaatatcaaagttcacaaactatacattatatactgtacataaaatatcaaagtacccaaggtatataatctatactgtacaaaaaatatcaaagtacccaaagcatatgttatatactgtacataaaatatgaaagtacatcaaatatatattttattctgtacataaaatatcaaagtacaccagatatatattctatagtgtacataaaatatcaaagtacccaaactatacattatatactgtacataaaatttgaaattacatcaaatatatattaggtacattaaatatgaaagtacatcaaatatagattatatactgtacataaaatatcaaagtaccccaaatatatattatatactctacatgaaatatcaaagttcacaaactatatattatatactgtacataaaatatcaaagtacccaaggtatatattctatactgtacaaaaaatatcaaagtacccaaagcaggtattatatactgtacataaaatatgaaagtacatcaaatatatattttattctgtacataaaatatcaaagtacaccagatatatattctatagtgtacataaaataacaaagtacaaaaactataaattatatactgtacataaaatatgaaattacatcaaatatatattaggtacataaaatatgaaagtacatcaaatatagattatatactgtacataaaatttcaatgtactccaaatatatattttatactctacatgaaatatcaaagttcacaaaccatatattatatactgtacttaaaatatcaaagtacccaaggtatatattctatactatacaaaaaatatcaaagtacccaaagcatgtattatatactgtacctaaaatatgaaagtacatcaaatatatattttattctgtacataaaatatcaaagtacaccagatatatattctatagtgtacataaaatatcaaagtacccaaactatacattatatactgtacataaaatatgaaattacatcaaatatattttatattaggtacataaaatatgaaagtacatcaaatatagattatatactgtacattaaataccaaagtaccccaaatatatattttatactgtacatgaaatatcaaagttcacaaactgtatattatatactgtacatataatatcaaagtacccaaggtatatattctatactgtacaaaaaataacaaagtaccaaaagcatgtataatatactgtacataaaatatgaaagtacatcaaatatatattttattctgtacataaaatatcaaagtacaccagatatatattctatagtgtacataaaatatcaaagtacccaaactatacattatatactgtacataaaatatgaaattacatcaaatatatattatattaggtacataaaatatgaaagtacatcaaatatagattatatactgtacataaaatatcaaagtaccccaaatatatattatatactcttcatgaaatatcaaagttcacaaactatatattatatactgtacataaaatatcaaagtacccaaggtatatattctatactgtataaaaaatatcaaagtatccaaagcatgtattatatactgtatataaaatatgaaagtacattaaatatatattttattctctacataaaatatcaaagtacaccagatatatattctatagtgtacataaaataacaaagtacacaaactataaattatatactgtacataaaatatgaaattacatcaaatatatattaggtacataaaatatgaaagtacatcaaatatagattatatactggacatataatatcaatgtaccccaaatatatattttatactctacatgaaatttcaaagttcacaaaccatactttatatactgtacataaaatatcaaactacccaaggtatatattctatactgtacaaaaaatatcaaagtacccaaagcatgtattatatactgtacataaaatatgaaagtacatcaaacatatattttattctgtacataaaatatcaaagtacaccagatatatattctatagtgtacataaaataacaaagtacacaaactataaattatatactgtacataaaatatgaaattacatcaaatatatattaggtacataaaatatgaaagtacatcaaatatagattatatactgtacattaaataccaaagtaccccaaatatatattttattctgtacatcaaatatcaaagttcacaaactatatattatatactgtacataaaatatcaaagtacccatggtatatattctacactgtacaaaaaatatcaaagtacccaaagcatgtattatatactgtatataaaatatgaaagtacatcacatatatattttattctgtacataaaatatcaaagtacaccagatatatattctatagtgtacataaaataacaaagttcaaaaactataaattatatgctgtacataaaatatgaaattacatcaaatatatgttaggtacataaaatatgaaagtacatcaaatatagattatatactgtacataaaatatcaatgtaccccaaatatatattttatactctacatgaaatatgaaagttcacaaaccatatattatatactgtacataaaatatcaaagtacccaaggtatatattctatactgtacaaaaaatatcaaagtacccaaagcatgtattatatactgtacataaaatatgaaagtacatcaaatatacattttattctgtacataaaatatcaaagtacacaagatatatattctatagtgtacataaaataacaaagtacacaaactataaattatatactgtacataaaatatgaaattacatcaaatatatattaggtacataaaatatgaaagtacatcaaatatagattatatactgtacataaaatatcaatgtaccccaaatatatattttatacactacatgaaatatcaaagttcacaaaccatatattatatactgtacataaaatatcaaagtacccaaggtatatattctacactgtacaaaaaatatcaaagtacccaaagcatgtattatatactgtacataaaatatgaaactacatcaaatatatattttattctgtacataaaatatcaaagtacaccagacatatattctatagtgtacataaaatatcaaagtagcaaactatacattatatactgtacataaaatatgaaattacatcaaatatatattatattaggtacataaaatatgaaagcacatcaaatatagattatatactgtacattaaataacaaagtaccccaaatatatattttatactgtacatcaaatatcaaagttcacaaactatatattatatactgtacataaaatatcaaagtacccatggtatacattctatactgtacaaaaaatatcaaagtacccaaagcatgtattatatactgtacataaaatatgaaactacatcaaatatatattttattctgtacataaaatatcaaagtacaccagatatatattctatagtgtacataaaatatcaaagtacccaaactatacattatatactgtacataaaatatgaaattacatcaaatgtatattatattaggtacataaaatatgaaagtacatcaaatatagattatatactgtacataaaatatcaaagtaccccaaatatatattatgtactctacatgaaatatcaaagttcacaaactatatattatatactgtacataaaatatcaaagtacccaaggtatatattctatactgtataaaaaatatcaaagtatccaaagcatgtattatatactgtatataaaatatgaaagtacattaaatatatattttattctctacataaaatatcaaagtacaccagatatatattctatagtgtacataaaataacaaagtacacaaactataaattatatactgtacataaaatatgaaattacatcaaatatatattaggtacataaaatatgaaagtacatcaaatatagattatatactggacatataatatcaatgtaccccaaatatatattttatactctgcatgaaatttcaaagttcacaaaccatactttatatactatacataaaatatcaaagtacccaaggtatatattctatactgtacaaaaaatatcaaagtacccaaagcatgtattatatactgtacataaaatatgaaagtacatcaaacatatattttattctgtacataaaatatcaaagtacagcagatatatattctatagtgtacataaaataacaaagtacacaaactataaattatatactgtacataaaatatgaaattacatcaaatatatattaggtacataaaatatgaaagtacatcaaatatagattatatactgtacattaaataccaaagtaccccaaatatatattttattctgtacatcaaatatcaaagttcacaaactatatattatatactgtacataaaatatcaaagtacccatggtatatattctacactgtacaaaaaatatcaaagtacccaaagcatgtattatatactgtatataaaatatgaaagtacatcacatatatattttattctgtacataaaatatcaaagtacaccagatatatattctatagtgtacataaaataacaaagttcaaaaactataaattatatgctgtacataaaatatgaaattacatcaaatatatgttaggtacataaaatatgaaagtacatcaaatatagattatatactgtacataaaatatcaatgtaccccaaatatatattttatactctacatgaaatatgaaagttcacaaaccatatattatatactgtacataaaatatcaaagtacccaaggtatatattctatactgtacaaaaaatatcaaagtacccaaagcatgtattatatactgtacataaaatatgaaagtacatcaaatatatattttattctgtacataaaatatcaaagtacacaagatatatattctatagtgtacataaaataacaaagtacacaaagtataaattatatactgtacataaaatatgaaattacatcaaatatatattaggtacataaaatatgaaagtacatcaaatatagattatatactgtacataaaatatcaatgtaccccaaatatatattttatacactacatgaaatatcaaagttcacaaaccatatattatatactgtacataaaatatcaaagtacccaaggtatatattctatactgtacaaaaaatatcaaagtacccaaagcatgtattatatactgtacgtaaaatatgaaactacatcaaatatatattttattctgtacataaaatatcaaagtacaccagacatatattctatagtgtacataaaatatcaaagtacccaaactatacattatatactgtacataaaatatgaaattacatcaaatatatattatattaggtacataaaatatgaaagcacatcaaatatagattatatactgtacattaaataacaaagtaccccaaatatatattttatactgtacatcaaatatcaaagttcacaaactatatattatatactgtacataaaatatcaaagtacccatggtatacattctatactgtacaaaaaatatcaaagtacccaaagcatgtattatatactgtacataaaatatgaaactacatcaaatatatattttattctgtacataaaatatcaaagtacaccagatatatattctatagtgtacataaaatatcaaagtacccaaactatacattatatactgtacataaaatatgaaattacatcaaatatatattatattaggtacataaaatatgaaagtacatcaaatatagattatatactgtacataaaatatcaaagtaccccaaatatatattatatactctacatgaaatatcaaagttcacaaactatatattatatactgtacataaaatatcaaagtacccaaggtatatattctatactgtataaaaaatatcaaagtatcgaaagcatgtattatatactgtatataaaatatgaaagtacattaaatatatattttattctctacataaaatatcaaagtacaccagatatatattctatagtgtacataaaataacaaagtacacaaactataaattatatactgtacataaaatatgaaattacatcaaatatatattaggtacataaaatatgaaagtacatcaaacatagattatatactgtacataaaatatcaatgtacccgaaatatatattttatactctacatgaaatatcaaagttcacaaacgatacattatatactgtacataaaatatcaaagtacccaaggtatatattctatactgtacaaaaaatatcaaagtacccaaagcatgtattatatactgtacataaaatatgaaagtacatcaaatatatattttattctgtacataaaatatcaaagtacaccagatatatattctatagtgtacataaaatatcaaagtacacaaactatacattatacactgtacataaaatatgaaattacatcaaatatatattaggtacattaaatatgaaagtacatcaaatatagattatatactgtacataaaatatcaaagtaacccaaatatatattatatactctacatgaaatatcaaagttcacaaactatatattatatactgtaaataaaatatcaaagtacccaaggtatatattctatactgtacaaaaaatatcaaagtacccaaagcaagtattatatagtgtacataaaatatgaaagtacatcaaatatatattttattctgtacataaaatatcaaagtacaccagatttatattctatagtgtacataaaatatcaaagtacccaaactatacattatatactgtacataaaatatgaaattacatcaaatatatattatattagttacataaaatatgaaagcacatcaaatatagattatatactgtacattaaataccaaagtaccccaaatatatattttattctgtacatcaaatatcaaagttcacaaactatatattatatactgtacataaaatatcaaattacccatggtatatattctacactgtacaaaaaatatcaaagtacccaaagcatgtattatatactgtatataaaatatgaaagtacatcaaatatatattttattctgtacataaaatatcaaagtacaccagatatatattctatagtgtacataaaataacaaagtacacaaactataaattatatactgtacataaaatatgaaatttcatcaaatatatattaggtacataaaatatgaaagtacatcaaatatagattatatactgtacataaaatatcaatgtaccccaaatatatattttatactctacatggaatatcaaagttcacaaaccagatattatatactgtacataaaatatcaaagtacccaaggtatatattctatactgtgcaaaaaatatcaaagtacccaaagcatgtattatatactgtacataaaatatgaaattacatcgaatatatattttattctgtacataaaatatcaaagtaaaccagatatatattctatagtgtacataaaatatcaaagtacccaaactatacattatatactgtacataaaatatgaaattacatcaaatatatattatattaggtacttaaaatatgaaagtacatcaaatatagattatacactgtacataaaatatcaaagtaccccaaatatatattatatactctacatgaaatatcaaagttcacaaactatatattatatactgtacataaaatatgaaattacatccaatatattttatattaggtacataaaatatgaaagtacatcaaatatagattatatactgtacattaaataccaaagtaccccaaatatatattttattctgtacatgaaatatcaaagttcacaaactatatattatatactgtacatataatatcaaagtacccaaggtatatattctatactgtacaaaaaataacaaagtaccaaaagcatgtataatatactgtacataaaacatgaaagtacatcaaatatatattttattctgtacataaaatatcaaagtacaccagatgtatattctatagtgtacataaaatatcaaagtacccaaactatacattatatactgtaaataaaatatgaaattacatcaaatatattttatattaggtacataaaatatgaaagtacatcaaatatagattatatactgtacattgaataccaaagtactccaaatatatattttatactgtacatgaaatatcaaagttcacaaactatatattatatactgtacataaattatcaaattacccaaggtatatattctatactgtacaaaaaatatcaaagtacccaaagcatgtattatatactgtacataaaatatgaaagtacatcaaatatatattttattctgtacataatatatcaaagtacaccagatatatattctagagtgtacataaaataacaaagtacacaaacgataaattatatactgtacataaatatgaaaatacatcaaatatatattaggtacataaaatatgaaagtacatcaaatatagattatatactgtacatataatatcaatgtaccccaaatatatattttatactctacatgaaatatcaaagttcacaaactatacattatatactgtacataaaatatcaaagtacccaaggtatataatctatactgtacaaaaaatatcaaagtacccaaagcatatgttatatactgtacataaaatatgaaagtacatcaaatatatattttattctgtacataaaatatcaaagtacaccagatatatattctatagtgtacataaaatatcaaagtacccaaactatacattatatactgtacataaaatatgaaattacatcaaatatatattaggtacataaaatatgaaagtacatcaaatatagattatatactgtacataaaatatcaaagtaccccaaatatatattatatactctacatgaaatattaaatttcacaaactatatattatatactgtacataaaatatcaaagtacccaaggtatatattctatactgtacaaaaaatatcaaagtacccaaagcatgtattatatactgtacataaaatatgaaagtacatcaaatatatattttattctgtacataaaatatcaaagtacaccagatatatattctatagtgtacataaaataacaaagtacacaaactataaattatatactgtacataaaatatgaaattacatcaaatatatattagctacataaaatatgaaagtacatcagatatagattatatactgtacataaaatatcaatgaccccaaatatatattttatactctacatgaaatatcaaagttcacaaaccatatattatatactgtacataaaatttcaaagtacccaaggtatatattctatactgtacaaaaaatatcaaagtgcccaaagcatgtattatatactgtacataaaatatgaaagtacatcaaatatatattttattctgtacataaaatatcaaagtacaccagatatatattctatagtgtacataaaatatcaaagtacccaatgtatttattatatactgtacataaaatatgaaattacatcaaatatatattatattaggtacataaaatatgaaagtacatcaaatatagattatatactgtacatgaaataccaaagtaccccaaatatatattttatacggtacatgaaatatcaaatttcacaaactatatattatatactgtatataaaatatcaaagtatccaaggtatatattctatactgtacaaaaaatatcaaagtacccaaagcatgtattatatactgtacataaaatatgaaagtacatcaaatatatattttattctgtacataaaatatcaaactacaccagatatatattctatagtgtacataaaatatcaaagtacccaaactatacattatatactgtacataaaatatgaaattacatcaaatttatattaggtacataaaataagaaagtacatcaaatatagattatatactgtacataaaatatcaaagtaccccaaatatatattatatactctatatgaaatatcaaagttcacaaactatatattatatactgtacataaaatatccaagtacccaaggtatatattctatactgtagaaaaaatatcaacgtacccaaagcatgtattatatactctatataaaatatgaaagtacatcacatatatattatattctgtacataaaatatcaaagtacaccagatatatattctatagtgtacataaaataacaaagtacaaaaactataaattatatgctgtacataaaatatgaaattacatcaaatatatattaggtacataaaatatgaaagtacattaaatatagattatatactgtacataaaatatcaatgtaccccaaatatatattatatactctacatgaaatatcaaagttcacaaaccatatattatatactgtacataaaatatcaaagtacccaaggtatatattctatactgtacaaaaaatatcaaagtacccaaagcatgtattatatactgtacataaaatatgaaagtacatcaaatatatattttattctgtacataaaatatcaaagtacaccagatatatattctatagtgtacataaaatatcaaagtacccaaactatacattatatactgtacataaaatatgaaattacatcaaatatatattatattaggtacataaaatatgaaagcacatcaaatatagattatatactgtacattaagtaccaaagtaccccaaatatatattttatactgtacatcaaatatcaaagttcacacactatatattatatactgtacataaaatatcaaagtacccaaggtatatattctatactttacaaaaaatatcaaagtacccaaagcatgtattatatactgtacataaaatatgaaattacatcgaatatatattttattctgtacataaaatatcaaagtacaccagatatatattctatagtgtacataaaataacaaagttcaaaaactataaattatatgctgtacataaatatgaaattacatcaaatatatattaggtacataaaatatgaaagtacatcaaatatagattatatactgtacataaaatatcaatgtaccccaaatatatattttatactctacatgaaatatgttcacaaaccatatattatatactgtacataaaatatcaaagtacccaaggtatatattctatactgtacaaaaaatatcatagtacccaaagcatgtattatatactgtacataaaatatgaaactacatcaaatatatattttattctgtacataaaatatcaaagtacaccagatatatattctatagtgtacataaaatatcaaagtacccaaactatacattatacactgtacataatatatgaaattacatcaaatatatattatattaggtacataaaatatgaaagtacatcaaatatagattatatactgtacataaaataccaaagtaccccaaatatatattttatactgtacatgaaatatcaaagttcacacactatatattatatactgtacataaaatatcaaagtacccaaggtatatattctatattgtacaaaaaatatcaaagtacgcaaagcatgtattatatactgtacataaaatatgaaagtacatcaaatatatattttatactgtacataaaatatcaaagtacaccagatatataatatatagtgtacataaaatatcaaagtacccaaactatacattatatactgtacataaaatatgaaattacatcaaatatatattatattaggtacataaaatatgaaagtacatcaaatatagattatatactgtacataaaatatcaaagtaccccaaatatatattatatactctacatgaaatatcaaagttcacaaactatatattatatactgtacataaaatatcaaagtaaccaaggtatatattctatactgtacaaaaaatatcaaagtatccaaagcatgtattatatactgtatataaaatatgaaagtacattaaatatatattttattctgtacataaaatatcaaagtacaccagatatatatgctatagtgtacataaaataacaaagtacacaaactataaattatatactgtacataaaatatgaaattacatcaagtatatattaggtacataaaatatgaaagtacatcaaatatagattatatactgtacataaaatatcaatgtatcccaaatatatattttatactctacatgaaatatcaaagttcacaaaccatatattatatactgtacataaaatatcaaagtacccaaggtatatattctatactgtacaaaaaatatcaaagtacccaaagcatgtattatatactgtacataaaatatgaaagtacatcaaatatatattttattctgtacataaaatatcaaagtacaccagatatatattctatagtgtacataaaataccaaagtacccaaactatacattatatactgtacataaaatatgaaattacatcaaatatatattatattaggtacataaaatatgaaagcacatcaaatatagattatatactgtacattaaataccaaagtaccccaaatatatattttattctgtacatcaaatatcaaagttcacaaactatatattatatactgtacataaaatatcaaagtacccatggtatatattctacactgtacaaaaaatatcaaagtacccaaagcatgtattatatactgtatataaaatatgaaagtacatcacatatatattatattctgtacataaaatatcaaagtacaccagatatatattctatagtgtacataaaataacaaagttcaaaaactataaattatatgctgtacataaatatgaaattacatcaaatatatattaggtacataaaatatgaaagtacatcaaatatagattatatactgtacataaaatatcaatgtaccccaaatatatattttatactctacatgaaatatgaaagttcacaaaccatatattatatactgtacataaaatatcaaagtacccaaggtttgtattctaaactgtccaaaaaatatcaaagtatccaaagcatgtattatatactgcatataaaatatgaaagtacattaaatatatattttattctgtacataaaatatcaaagtacaccagatatatattctatagtgtacataaaatatcaaagtacccaaactatacattatatactgtacataaaatatgaaattacatcaaatatatattatattaggtacataaaatatgaaagtacatcaaatatagattatatactgtacataaaacatcaaagtaccccaaatatatattatatactctacatgaaatatcaaagttcacaaactatatattatatactgtacataaaatatcaaagtacccaaggtatatattctatactgtacaaaaaatatcaaagtacccaaagcatgtattatatactgtacataaaatatgaaagtacatcaaatatatattttattctgtacataaaatatcaaagtacaccagatatatattctatagtgtacataaaataacaaagtacacaaactataaattatatactgtacataaaatatgaaattacatcaaacatattttaggtacataaaatatgaaagtacatcaaatatagattatatactgcacatataatatcaatgtaccccaaatatatattttatactctacatgaaatatcaaagttcacaaaccatacattatatactgtacataaaatatcaaagtacccaaggtatatattctatactgtacaaaaaatatcaaagtacccaaaccatgtattatatactgtacataaaatatgaaagtacatcaaatatatattttattctgtacataaaatatcaaagtacaccagatatatattctatagtgtacataaaatatcaaagtacccaaactatacattatatactgtacataaaatatgaaattacatcaaatatatattatattaggtacataaaatatgaaagtacatcaaatatagattatatactgttcataaaatatcaaagtaccccaaatatatattatatactctacatgaaatatcaaagttcacaaactatatattatatactgtacataaaatatcatagtacccaaggtatatattctatactgtagaaaaaatatcaaagtatccaaagcatgtattatatactgtatataaaatatgaaagtacattaaatatatattttattctgtacataaaatatcaaagtacaccagatatatattctatagtgtacataaaataacaaagtacacaaactataaattatatactgtacataaaatatgaaattacatcaaatatatattaggtacataaaatatgaaagtacatcaaatatagattatatactgtacatataatatcaatgtaccccaaatatatatttaatactctacatgaaatatcaaagttcacaaaccatacattatatactgtacataaaatatcaaagtacccaaggtatatattctatactgtacaaaaaatatcaaagtacccaaagcatgtattatatactgtaaataaaatatgaaagtacatcaaatatatattttattctgtacataaaatatcaaagtacaccagatatatattctatagtgtacataaaatatcaaagtacccaaactatacattatacactgtacataaaatatgaaattacatcaaatatatattaggtacattaaatatgaaagtacatcaaatatagattatatactgtacataaaatatcaaagtaccccaaatatatattatatactctacatgaaatatcaaagttcacaaactatatattatatactgtaaataaaatatcaaagttcccaaggtatatattctatactgtacaaaaaatatcaaagtacccaaagcatgtattatatactgtacataaaatatgaaagtacatcaaatatatattttattctgtacataaaatatcaaagtacaccagatatatattctatagtgtacataaaataacaaagtacacaaactataaattatatactgtacataaaatatgaaattacatcaaatatatattaggtacataaaatatgaaagtgcatcaaatatagattatatactgtacataaaatgtcaatgtaccccaaatatatattttatactctacatgaaatatcaaagttcacaaaccatatattatatactgtacataaaatatcaaagtacccaaggtatatattctatactgtacaaaaaatatcaaagtacacaaagcatgtattatatactgtacataaaatatgaaagtacatcaaatatatattttattctgtacataaaatatcaaagtacaccagatatatattctatagtgtacataaaatatcaaagtacccaaactatacattatacactgtacataaaatatgaaattacatcaaatatatattatattaggtacataaaatatgaaagcacatcaaatatagattatatacttaacattaagtaccaaagtaccccaaatatatattttatactgtacatcaaatatcaaagttcacaaactatatattatatactgtaaataaaatatcaaatttcccaaggtatatattctatactgtacaaaaaatatcaaagtacccaaagcatgtattatatactgtacataaaatatgaaagtacatcaaatatatattttattctgtacataaaatatcaaagtactccagatatatattctatagtgtacataaaatatcaaagtacccaaactatacattatacactgtacataaaatatgaaattacaccaaatatatattaggtacattaaatatgaaagtacatcaaatatagattatatactgtacataaaatatcaaagtaccccaaatatatattatatactctacatgaaatatcaaagttcacaaactatatattatatactgtaaataaaatatcaaatttcccaaggtatatattctatactgtacaaaaaatatcaaagtacccaaggtatatattctatactgtacaaaaaatatcaaagtactcaaagcatgtattatatactgtacataaaatatgaaagtacatcaaatatatattttattctgtacataaaatatcaaagtacaccatatatatattctatagtgtacataaaatatcaaagtacccaaactatacattatacactgtacataaaatatgaaattacatcaaatatatattatattaggtacataaaatatgaaagcacatcaaatatagattatatactgtacattaaataccaaagtaccccaaatatatattttatactgtacatcaaatatcaaagttcacaaactatatattatatactgtacataaaatatcaaagtacccatggtatatattctatactgtacaaaaaatatcaaagtacccaaagcatgtattatatactgtacataaaatatgaaagtacatcaaatatacattttattctgtatataaaatatcaaagtacaccagatatatattctatagtgtacataaaatatcaaagtacccaaactatacattatacactgtacataaaatatgaaattacatcaaatatatattaggtacataaaatatgaaagtacatcaaatatagattatatactgtacataaaatatcaaagtaccccaaatatatattatatactctacatgaaatatcaaagttcacaaactatatattatatactgtaaataaaatatcaaagtacccaaggtatatattctatactgtacaaaaaatatcaaagtacccaaagcatgtattatatactgtatataaaatatgaaagtacatcaaatatatattttattctgtacataaaatatcaaagtacaccagatatatattctatagtgtacataaaataacaaagtacacaaactataaattatatactgtacataaaatatgaaattacatcaaatatatattaggtacataaaatatgaaagtacatcaaatatagattatatactgtacataaaatatcaatgtaccccaaatatatattttatactctacatgaaatatcaaagttcacaaaccatatattatatactgtacataaaatatcaaagtacccaaggtatatattctataatgtacaaaaaatatcaaagtactcaaagcatgtattatatactgtacataaaatatgaaagtacatcaaatatatattttattctgtacataaaatatcaaagtacaccagatatatattctatagtgtacataaaatatcaaagtacccaaactatacattatacactgtacataaaatatgaaattacatcaaatatatattatattaggtacataaaatatgaaagcacatcaaatatagattatatactgtacattaaataccaaagtaccccaaatatatattttatactgtacatcaaaatcaaagttcacaaactatatattatatactgtacataaaatatcaaagtatccatggtatatattctatactgtacaaaaaatatcaaagtaccctaagcatgtattatatactgtacataaaatatgaaagtacatcaaatatatattttattctgtacataaaatatcaaagtacaccagatatatattctatagtgtacataaaatataaagtacccaaactatacattatacactgtacataaaatatgaaattacatcaaatatatattatattaggtacataa,aatatgaaag,DEL
chr13,4570322,4570323,tatattaggt,a,cataaaatat,INS
chr13,4650692,4650693,atatactgta,c,ataaaatatc,INS
chr13,4680071,4684498,tatatactgt,tcataaaatatcaatgtaccccaaatatatattttatactctacatgaaataccaaagttcacaaaccatatattatatactgtacataaaatatcaaagtacccaaggtatatattctatactgtacaaaaaatatcaaagtacccaaagcatgtattatatactgtacgtaaaatatgaaagtacatcaaatatatattttattctgtacaaaaaatatcaaagtataccagatatatattctatagtgtacataaaatatcaaagtacccaaactatacattatatactgtacataaaatatgaaattacatcaaatatatattatattaggtacataaaatatgaaagtacatcaaatatagattatatactgtacataaaatatcaaagtaccccaaatatatattatatactctacatgaaatatcaaagttcacaaactatatattatatactgtacataaaatatcaaagtacccaaggtatatattctataatgtaaaaaaatatcaaagtacccaaagcatgtattatatactgtatataaaatatgaaattacatcaaatatatattttattctgtacataaaatatcaaaatacactagatatatattctatagtgtacataaaatatcaaaatacccaaactatacattatatactgtacataaaatatgaaattacatcaaatatatattatattaggtacataaaatatgaaagtacatcaaatatagattatatactgtacattaaataccaaagtaccccaaatatatattttatactgtacacgaaatatcaaagttcacaaactatatattatatactgtacataaaatatcaaagtacccaaggtatatattctatactgtacaaaaaatatcaaagtacccaaagcatgtattatatactgtacctaaaatatgaaagtacatcaatatatattttattctgtacataaaatatcaaagtacaccagatatatattctatagtgtacataaaatatcaaagtacccaaactatacattatatactgtacataaaatatgaaattacatcaaatatattttatattaggtacataaaatatgaaagtacatcaaatatagattatacactgtacataaaatatcaaagtaccccaaatatatattatatactctacatgaaatatcaaagttcacaaactatatattatatactgtacataaaataaagtccccaaggtatatattctatactgtagaaaaaatatcaaagtacccaaagcatgtattatatactgtatataaaatatgaaagtacatcaaatatatattttattctgtacataaaatatcaaagtacaccagatatatattctatagtgtacataaaatatcaaagtacccaaactatacattatatactgtacataaaatatgaaattacatcaaatatatattatattaggtacataaaatatgaaagtacatcaaatatagattatacactgtacataaaatatcaaagtaccccaaatatatattatatactctacatgaaatatcaaagttcacaaactatttattctatactgtacataaaataaagtccccaaggtatatattctatactgtagaaaaaatatcaaagtacccaaagcatgtattatatactgtatataaaatatgaaagtacatcaaatatatattttattccgtacataatatatcaaagtacaccagaaatatattctatagtgtacataaaataacaaagtacaaaaactataaattatatactgtacataaaatatgaaattacatcaaatatatattaggtacataaaatatgaaagtacatcaaatatagattatatactgtacataaaatttcaatgtaccctaaatatatattttatactctacatgaaatatcaaagttcacaaaccatatattatatactgtacataaaatatcaaagtacccaaggtatatattctatactatacaaaaaatatcaaagtacccaaagcatgtattatatactgtacctaaaatatgaaagtacatcaaatatacattttattctgtacataaaatatcaaagtacaccagatatatattctatagtgtacataaaatatcaaagtacccaaactatacattatatactgtaaataaaatatgaaattacatcaaatatattttatattaggtacataaaatatgaaagtacatcaaatatagattatatactgtacattaaataccaaagtaccccaaatatatattttatactgtacatgaaatatcaaagttcacaaactatatattatatactgtacataaattatcaaagtacccaaggtatatattctatactgtacaaaaaatatcaaagtacccaaagcatgtattatatactgtacataaaatatgaaagtacatcaaatatatattttattctgtacataatatagcaaagtacaccagatatatattctatagtgtacataaaataacaaagtacagaaactatacattatatactgtacataaaatatgaaattacatcaaatatatattaggtacataaaatatgaaagtacatcaaatatagattatatactgtacataaaatatcaatgtaccccaaatatatattttatactatacatgaaatatcaaagttcacaaaccatatattgtatactgtacataaaatatcaaagtacccaaggtatatgttctatactgtacaaaaaatatcaaagtacccaaagcatgtattatatactgtacataaaatatgaaagtacatcaaatatatattttattccgttcataaaatatcaaagtacacctgatatatattctatagtgtacataaaatatcaaagtacacaaactatacattatatactgtacataaaatatgaaattacatcaaatatatattatataaggtacacaaaatatgaaagtacatcaaatatagattatatactgtacattaaataccaaagaaccccaaatatatattatatactctacatgaaatattaaagttcacaaactatatattatatactgtacataaaatatcaaagtacccaaggtatatattctatactgtacaaaaaatatcaaagtacccaaagcatgtattatatactgtatataaaatatgaatgtacatcaaatatatattttattctgtacataaaatatcaaagtacaccagatatatattctatagtgtacataaaataacaaagtacaaaaactataaattatatactgtacataaaatatgaaattacatcaaatatatattaggtacataaaatatgaaagtacatcaaatatagattatatactgtacataaaatatcaatgtaccccaaatatatattttatactcgacatgaaatatcaaagttcacaaaccatataatatatactgtacataaaatatcaaagtacccaaggtatatattctatactgtacaaaaaatatcaaagtacccaaagcatgtattatatactgtacataaaatatgaaagtacatcaaatatatattttattctgtacataaaatatcaaagtacaccagatatatattctacagtgtacataaaatatcaaatcacccaaactatacattatatactgtacataaaatatgaaattacatcaaatatatattatattaggtacataaaatatgaaagtacatcaaatatagattatatactgtacataaaatatcaaagtaccccaaatatatattatatactctacatgaaatatcaaagttcacaaactatatattatatactgtacataaaatatcaaagtacccaaggtatatattctataatgtacaaaaaatatcaaagtacccaaagcgtgtattatatactgtacataaaatatgaaagtgcatcaaatatatattttattccgtacataaaatatcaaagtacaccagatatatattctatagtgtacataaaatatcaaagtacccaaactatacattatatactgtacgtaaaatatgaaattacatcaaatatatattatattaggtacataaaatatgaaagtacatcaaatatagattatatactgtacataaaatatcaaagtaccccaaatatatattatatactctacatgaaatatcaaagttcacaaactatatattatatactgtacataaaataaagtccccaaggtatatattctatactgtagagaaaatatcaaagtacccaaagcatgtattatatactgtatataaaatatgaaagtacatcaaatatatattttattctgtacataatatatcaaagtacaccagatatatattctatagtgtacataaaataacaaagtacaaaaactataaattatatactgta,cataaaatat,DEL
chr13,4684814,4686124,caccagatat,atattctatagtgtacataaaatatcaaagtacccaaactatacattatatactgtacataaaatatgaaattacatcaaatatatattatattaggtacataaaatatgaaagtacatcaaatatagattatatagtgtacataaaatatcaaagtaccccaaatatatattatatactctacatgaaatatcaaagttcacaaactatatattatatagtgtacataaaatatcaaagtacccaaggtatatattctatactatacaaaaaatatcaaagtacccaaagcatgtattatatactgtatataaaatatgaaagtacatcaaatatatattttattctgtacataatatataaaagtacaccagaaatatattctatagtgtacataaaataacaaagtacaaaaactataaattatatactgtacataaaatatgaaattacatcaaatatatattaggtacataaaatatgaaagtacatcaaatatagattatatactgtacataaaatatcaatgtacccaaatatatatcatatactgtacatgaaatatcaaagttcacaaactatatattatatactgtacataaaatatcaaagtacccaaggtatatattctatactgcacaaaaaatatcaaagtacccaaagcatgtattatatactgtatataaaatatgaaattacatcaaatatatattttattctgtacataaaatatcaaagtacaccagatatatattttatagtgtacataaaataacaaagtacacaaagtataaattatatactgtacataaaatatgaaattacatcaaatatatattaggtacataaaatatgaaagtacatcaaatatagattatatactgtacatataatatcaaagtaccccaaatatatatttttactctacatggaatatcaaagttcacaaaccatatattatatactgtacataaaatatcaaggtacccaaggtatatattctatactgtacaaaaaatatcaaagtacccaaagcatgtattatatactgtacataaaatatgaaagtacatcaaatatatattttattctgtacataaaatatcaaagtacaccagatatatattctatagtgtacataaaatatcaaagtacccaaactatacattatatactgtacataaaatatgaaattacatcaaatatatattatattaggtacataaaatatgaaagtacatcaaatatagattatatactgtataataaaaataccaaagtaccccaaatatatattttatactgtacat,gaaatatcaa,DEL
chr13,4775629,4775754,atattatatt,aggtacataaaatatgaaattacatcaaatatagattatacactgtacataaaatatcaaaataccccaaactattcattatatactgtacataaaatatgaaattacatcaaatatatattata,ttaggtacat,DEL
chr13,4822516,4824760,aaagtacatc,aaatatatattttattctgtacagaaaatatcaaagtacaccagatatatattctatagtgtacataaaatatcaaagtacccaaactatacattatatactgtacaaaaaatatgaaattacatcaaatttatattaggtacataaaatatgaaagtacatcaaatatagattatatactgtacataaaatatcaaagtaccccaaatatatattatatactctacatgaaatatcaaagttcacaatctatatattatatactgtacataaaatatccaagtacccaaggtatatattctatactgtacaaaaaatatcatcgtacccaaagcatgtattatatactctatataaaatatgaaagtacatcacatatatattttattctgtacataaaatatcaaagtacaccagatatatattctatagtgtacataaaataacaaagtacaaaaactataaatgatatgctgtacataaaatatgaaattacatcaaatatatattaggtacataaaatatgaaagtacatcaaatatagattatatactgtacataaaatatcaatgtaccccaaatatatattttatactctacatgaaatatcaaagttcacaaaccatatattatatactttacataaaatatcaaagtacccaaggtatatattctatactgtacaaaaaatatcaaagtacccaaagcatgtattatatactgtacataaaatatgaaagtacatcaaacatatattttattctgtacataaaatatcaaagtacaccagatatatattctatagtgtacataaaatatcaaagtacccaaactatacattatatactgtacataaaatatgaaattacatcaaatatatattatattaggtacataaaatattaaagtacatcagatatagattatatagtgtacataaaatatcaaagtaccccaaatatatattatatactctacatgaaatatcaaagttcacaaactatacattatatactgtacataaaatatcaaagtacacaaggtatatattctatactgtacaaaaaatatcaaagtaaccaaagcatgtattatatactgtacataaaatatgaaagtacatcaagtatatattttattctgtagataaaatatcaaactacaccagatatatattctatagtgtacataaaataacaaagtacacaaactatacattatatactgtacataaaatatgaaattacatcaaatatatattaggtacataaaatatgaaagtacatcaaatataggttatatactgtacataaaatatcaaagtaccccaaatatatattatatactctacatgaaatatcaaagttcacaaactatatattatatactgtacataaaatatcatagtacccaaagtatatattctatactgtacaaaaaatatcaaagtacccaaagcatgtattatatactctatatacaatatgaaagtacatcaaatatatattttattctgtacataaaatatcaaagtacaccagatatatattctatagtgtacataaaataacaaagtacacaaactatatattatatactgtacataaaatatgaaattacatcaaatatatgttaggtacataaaatatgaaagtacatcaaatatagattatatactgtacatataatatcaatgtaccccaaatatatattttatactcttcatgaaatatcaaagttcacaaaccatatattatatactgtacataaaatatcaaagtacccaaggtatatattctatactgtacaaaaaatatcaaagtacccaaagcatgtattatatactgtacataaaatatgaaagtacatcaaatatatattttattctgtacataaaatatcaaagtacaccagatatatattctatagtgtacataaaatatcaaaagtacccaaactatacattatatactgtacataaaatatgaaattacatcaaatatatattatattagctacataaaatatgaaagtacatcaaatatagattatatactgtacattaaataccaaaataccccaaatatatattttatactctacatgaaatatcaaagttcacaaaccatatattatatactgtacataaaatatcaaagtacccaaggtatatattctatactgtacaaaaaatatcaaagtacccaaagcatgtattatatactgtacataaaatatgaaagt,acattaaata,DEL
chr13,4898687,4898688,cataaaatat,c,aaagtacacc,INS
chr14,4752833,4752913,cattctattc,cactgcattccattcggtttgattccattccattcctttccattccattccattcaattccattccatccctttgctttc,cattccattc,DEL
chr14,4754829,4755008,ctcgggttga,ttcaattccattctattccattccattccattctattcgggtagattccattactttcctttccattcgattcgattccattccattccattccattccactccattcccttcctttccattccattccaatgaattccactcgggttgattcatttccattcaattccattccattcc,attcagttcc,DEL
chr14,4756185,4756246,ttcctttcca,ctcgggttgattcagttccattctattccattcctctccattccattctattccattacac,agtggttgat,DEL
chr14,4757347,4757487,aattccattc,tattccattccattcaattccattccattccattccattccataccattccatcccattccactcggtgttgattcaaatccatgctattccattccattccattccattacattccactcgagttgattcaattccatt,ctattccctt,DEL
chr14,6238609,6238665,ggaatggagt,ttagtggaatggaatggaatggaatggaatggaacgaagtggaaaggaatggaagg,gaacggaact,DEL
chr14,6243535,6243635,tgaaatggaa,tgggttggagtgaaatggaatggagtggaatggagtggagtggagtgaaatggagtgaaatggagtggagtggaacggagtggagtggagtttaatggaa,tggaatggaa,DEL
chr14,9091027,9091081,agtagaatgg,aatggaatggagtggagtggaatggaatggagtggaatgcatgggagtggagtg,gaatggagtg,DEL
chr14,10545874,10547238,cagctatcca,aatatccacttgcagattctacaaaaagagtgtatcaaaactgctctgtcaaaaggaaggttcttctctgttaggtgagtgcatacgtcataaaggagtttctgagaatgtttctgtctagtggttatgggaagatatttgctttttccccgtaggcctcagggcgctccaaatgtccacttgcacatgctacaaaaagagtgcttcaaagctgctctctgaaagggaatgttcaactctatgagttgaatgcaaacatcacaaagacgtttctgagaatgcttctgtctagatttgatatgaagatattcccgtttccaacgaaatcttcaaatctatccaaatgtccacttgcagattcaacaaaaagtgtttttcagaactgctctatcaaaaggaagatccacctctgttagctgagttcagacatcacaaacaagtttatgagaatgcttctgtctagtttttatttgaagatatttcctttctcaccatagacctgaaagctgtcctaatgttcacttccagttactacagaaagagtgtttcaaaactgctgtacgaaagggaatgttcaactctgtgacttgaatgcacacatcacaaagaagtttctgaggatgctgctgtctactttttatacttaatcccgtttccaacgaaatccttcaagctatccaaatatccacttgcagattccacagaaagactgtttcaaaactgctctgtcaatagaaaggttcaactctgttagctgcgtgcatatatcccaaagaagattctgagattgcttctgtctagtttttatgggaagatatttcccttttcaccgtaggcgtccaggcgctccaaatgtccacttccagatactacaaaaagagtgtttcaaacctactctgtgaaagggaatattcaactctgtgacttgaatgcacataacacaaggaagtttctgagaatgcttctgtcgagattttatatgaagatattcccgtttccaacgaaatgctgaaatgtatccaaataacccctcgcagattctacaaaaagagtgtttcaaaactgctctgtaaaaagaaaggttcaactctgttagttgagtacacacatcacaaactagtttcacagaatgcttctttctagcttgtaggggaagatattccctttatcaccatgggcctcaaaccgtccgaaaagtccacttccatatactacaaaaagagcgtttcaaacctgctctatgaaaggcaatgttcaactctgtgacttgaatgcagacgtcacagagcagtttctgagaatgcttctgtctagattttataggaagatattcccgtttccaacgaaatcttcacagctatcca,aatatccact,DEL
chr14,10646408,10647775,cccgtttcca,acgaaatcctgaaatctatccaaatatcccctcgcagattctacaaaaagagtgtttcaaaactgctctctaaaaaggaaggttcaactctgttagttgagtacacacatcacaaacaagtttcacagaatgcttctttctagcttgtaggggaagatattccctttatcaccatgggcctccaaccgtccgataagtccacttccatatactacaaaaagagcgtttcaaacctgctctatgaaaggcaatgttcaactctgtgacttgaatgcagacatcacagagcagtttctgagaatgcttctgtctagattttataggaagatattcccgtttccaacgaaatcttcacagctatccaaatatccacttgcagattctacaaaaagagtgtatcaaaactgctctgtcaaaaggaaggttcttctctgttaggtgagtgcatacgtcataaaggagtttctgagaatgtttctgtctagtggttatgggaagatatttgctttttcaccgtaggcctcagagcgctccaaatatccacttgcacatactacaaaaagagtgcttcaaagctggtctctgaaacggaatgttcaactctatgagttgaatgcaaacatcacaaagacgtttctgagaatgcttctgtctagatttgatatgaagatattcccgtttccaacgaaatcttcaaatctatccaaatgtccacttgcagattcaacaaaaagtgtttttcagaactgctctatcaaaagaaagatccacctctgttagctgagttcacacatcacaaacaagtttatgagaatgcttctgtctagtttttatttgaagatatttcctttctcaccatagagctgaaagctgtcctaatgttcacttccagatactacagaaagagtgtttcaaaactgctgtacgaaagggaatgttcaactctgtgacttgaatgcacacatcacaaagaagtttctgaggatgctgctgtctactttttatacgtaatcccgtttccaacgaaatcctccaagctatccaaatatccacttgcagattccacagaaaggctgtttcaaaactgctctgtcaatagaaaggttcaactctgttagctgcgtgcatatatcccaaagaagattctgagattgcttctgtctagtttttatgggaagatatttcccttttcaccgtaggtgtcaaggcgctccaaatgtccacttccagatactacaaaaagagtgtttccaacctactctgtgaaagggaatattcaactctgtgacttgaatgcacatatcacaaagaagtttctgagaatgcttctgtcgagattttatatgaagatattcccgtttccaacg,aaatcctgaa,DEL
chr14,12653207,12654565,cacttgcaca,tactacaaaaagagtgcctcaaagctgctctctgaaagggaatgttcaactctatgagttgaatgcaaacatcgcaaagacgtttctgagaatgcttctgtctagatttgatatgaagatattcccgtttccaacgaaatcttcaaatctatccaaatgtccacttgcagattcaacaaaaagtgtttttcagaactgctctatcaaaagaaagatccacctctgttagctgagttcacacatcacaaacaagtttatgagaatgcttctgtctagtttttatttgaagatatttcctttctcaccatagacctgaaagctgtcctaatgttcacttccagatactacagaaagagtgtttcaaaactgctgtacgaaagggaatgttcaactctgtgacttgaatgcacacatcacaaagaagtttctgaggatgctgctgtctactttttatacgtaatcccgtttccaacgaaatcctccaagctatccaaatatccatttgcagattccacagaaagactgtttcaaaactgctctgtcaatagaaaggttcaactctgttagctgcgtgcatatatcccaaagaagattctgagattgcttctgtctagtttttatgggaagatatttcccttttcactgtaggtgtcaaggcgctccaaatgtccacttccagatactacaaaaagagtgtttcaaacctactctgtgaaagggaatattcaactctgtgacttgaatgcacatatcacaaagaagtttctgagaatgcttctgtcgagattttatatgaagatattcccgtttccaacgaaatcctgaaatgtatccaaatatcccctcgcagattctacaaaaagagtgtttcaaaactgctctgtaaaaagaaaggttcaactctgttagttgagtacacacatcacaaacaagtttcacagaatgcttctttctagcttgtaggggaagatattccctttatcaccatgggcctcaaaccgtccgaaacatccagttccatatactacaaaaagagcgtttcaaacctgctctaggaaaggcaatgttcaactctgtgacttgaatgcagacatcacagagcagtttctgagaatgcttctgtctagattttataggaagatattcccgtttccaacgaaatcttcacagctatccaaatatccacttgcagattctacaaaaagagtgtatcaaaactgctctgtcaaaaggaaggttcttctctgttaggtgagtgcatacgtcataaaggagtttctgagaatgtttctgtctagtggttatgggaagatatttgctttttcaccgtaggccacagagcactccaaatatccact,tgcacatact,DEL
chr15,6057328,6057329,ttccactcca,t,tccattccat,INS
chr15,17312330,17312501,attcccgttt,ccaacgaaatcctcaaagctatccaaatatcaacttgcagattctacaaaaggaatgtttccaaaatgctgtatccaaacaaaggttcaactctgtgaattgagggcatacatcacaaagaagattctgagaatgcttctgtctagattttatatgaaaatattcccgttt,ccaacgaaat,DEL
chr15,17316344,17316681,tgttcaactc,tatgagttgaatgcaaacatcacaaagcagtttctgagaatgctgctgtctactttctagttgtaatcccgtttccaacgaaatcctcagaactatcgaaatttccaattgcagattccacaaaaagcgtgtttcaaagctgctctgtaaaaagaaaggttcaactctgttagttgaatacacacgtcacaaacaagtttctgagaatgcttctgtctagtttttatgggaagatatttcctttttcaccgtaggcctcaaagcgctccaaatgtccacttccacatactacaaaaagagtgtttcaaacctgctgtatgaaagggaatgttcaact,ctatgagttg,DEL
chr15,17319260,17319596,tgcaaacatc,acaaagcagtttctgagaatgctgctgtctactttctatttgtaatcccgtttccaacgaaatcctcagaactatcgaaatttccaattgcagattccacaaaaagcgtgtttcaaagctgctctgtaaaaagaaaggttcaactctgttagttgaatacacacgtcacaaacaagtttctgagaatgcttctgtctagtttttatgggaagatatttcctttttcaccgtaggcctcaaagcgctccaaatgtccacttccacatactacaaaaagagtgtttcaaacctgctgtatgaaagggaatgttcaactctatgagttgaatgcaaaca,ttacaaagaa,DEL
chr15,17330304,17330983,aaacatcaca,aagaagtttctgagaatgcttctgtctagattttatatgaaggttttcccgcttccaacgaaattttcaatgctctcaaaatatcctcttgtagattctacaaaaagagtgtttccaaactgctgtatcaaaacaaaggttcatctctgttagttgaggacacacatcacaaataagtttctgagaatgcttctgtctagttcttatttgaagacatttcctttctcaccttaggcctgaaagcgctcgaaatacccacttccagatactacagaaacagtgattcaaacctgctctatgaaagggaatgttcaactatgtgacttgaatgcaaacatcacaaagcagtttctgagaatgctgctgtctactttctatttgtaatcccgtttccaacgaaatcctcagaactatcgaaatttccaattgcagattccacagaaacagggtttcaaagctgctctgtaaaaagaaaggttcaactctgttagttgaatacacacgtcacaaacaagtttctgagaatgcttctgtctagtttttatgggaagatatttcctttttcaccgtaggcctcaaagcgctccaaatgtccacttccacatactacaaaaagagtgtttcaaacctgctgtatgaaagggaatgttcaactctatgagttgaatgcaaacattac,aaagaagttt,DEL
